{
	"info": {
		"_postman_id": "215dff66-2977-407f-b890-cde751d476be",
		"name": "SideCar",
		"schema": "https://schema.getpostman.com/json/collection/v2.1.0/collection.json"
	},
	"item": [
		{
			"name": "sidecar_demo",
			"request": {
				"method": "POST",
				"header": [
					{
						"key": "Content-Type",
						"name": "Content-Type",
						"type": "text",
						"value": "application/json"
					},
					{
						"key": "securityLevel",
						"type": "text",
						"value": "low"
					},
					{
						"key": "X-Auth-Param",
						"value": "YY ajNLOHF3dERoMmhob1FNSi9ZTFpJUT09:ZWY0MTM3MjhmMGZjNjc0ZTJhZmNkNmQwMDQ4MmU1ODlkZWRkOGUxNA==",
						"type": "text",
						"disabled": true
					},
					{
						"key": "timestamp",
						"value": "1644689247847",
						"type": "text"
					},
					{
						"key": "appKey",
						"value": "ajNLOHF3dERoMmhob1FNSi9ZTFpJUT09",
						"type": "text"
					},
					{
						"key": "Cookie",
						"value": "VASSESSION=MmViMGEyYWUtNTU5MC00NDhkLWI4ODgtYmEwYWQxMTcyMDgz; SESSION=2df17dbe-6689-4c2d-b994-e8904f8b65ec",
						"type": "text",
						"disabled": true
					}
				],
				"body": {
					"mode": "raw",
					"raw": "{\"status\":\"\",\"name\":\"\",\"pageNum\":1,\"pageSize\":10}"
				},
				"url": {
					"raw": "http://172.17.1.199:10000/sdgApi/authCode/images/slider",
					"protocol": "http",
					"host": [
						"172",
						"17",
						"1",
						"199"
					],
					"port": "10000",
					"path": [
						"sdgApi",
						"authCode",
						"images",
						"slider"
					]
				}
			},
			"response": []
		},
		{
			"name": "recogn_Feign_S012",
			"request": {
				"method": "POST",
				"header": [
					{
						"key": "securityLevel",
						"type": "text",
						"value": "low"
					},
					{
						"key": "X-Auth-Param",
						"value": "YY ajNLOHF3dERoMmhob1FNSi9ZTFpJUT09:ZWY0MTM3MjhmMGZjNjc0ZTJhZmNkNmQwMDQ4MmU1ODlkZWRkOGUxNA==",
						"type": "text",
						"disabled": true
					},
					{
						"key": "timestamp",
						"value": "1644689247847",
						"type": "text"
					},
					{
						"key": "appKey",
						"value": "ajNLOHF3dERoMmhob1FNSi9ZTFpJUT09",
						"type": "text"
					},
					{
						"key": "Cookie",
						"value": "VASSESSION=MmViMGEyYWUtNTU5MC00NDhkLWI4ODgtYmEwYWQxMTcyMDgz; SESSION=2df17dbe-6689-4c2d-b994-e8904f8b65ec",
						"type": "text",
						"disabled": true
					}
				],
				"body": {
					"mode": "raw",
					"raw": "{\n            \"content\": \"一、病例特点：1.44岁中年女性患者，3月余前自行扪及右乳肿物，伴乳头溢液，黄色，无明显疼痛，无皮肤红肿。20年前因黄体破裂行腹腔镜手术治疗。2.2021-3-4右乳穿刺病理于我院会诊示：（右乳穿刺）乳腺浸润性癌，非特殊型，Ⅱ级。原单位免疫组化：AR(90%+;强阳),ER(90%+；强阳),PR(95%+；强阳),HER2(3+),EGFR(-),CK5/6(-),ki-67(20%+).3.2021-3-5于我院就诊行乳腺B超示：双侧乳腺腺体丰富，右乳6点位见低回声结节，约1.3×0.9×1.3cm，边界欠清，形态不规则，呈蟹足样，内回声欠均匀，可见少许点状强回声，内部可探及点条状穿入血流信号，BI-RADS6。2021-03-11乳腺MR申请：1、右侧乳腺外下象限结节，BI-RADS6类。2、右侧乳腺外下象限局灶强化，BI-RADS5类。4.3-11全身麻醉下行右乳癌保乳术+前哨淋巴结活检术，术后病理：（1）（右乳肿物）乳腺浸润性导管癌，非特殊型，Ⅱ级（3+2+1=6分），浸润癌镜下最大径1.3cm，伴大量中-低级别导管原位癌，部分呈大汗腺型导管原位癌形态；未见明确脉管瘤栓及神经侵犯；（冰8）（内切缘）及（2）（内切缘扩切标本）可见少量低级别导管原位癌成分，淋巴结未见转移癌（0/5）pTNM：pT1cN0（sn）免疫组化结果显示：AR(+,90%中阳)，CK5/6(-)，E-cad(3+)，EGFR(-)，ER(+,90%中阳)，HER2(2+，FISH：HER2基因扩增)，Ki-67(+20%)，P53(-)，PR(+,90%强阳)，GATA3(3+)。5.入院后制定TCbH方案，已行4周期化疗现为求进一步第5周期化疗靶向治疗收入我科。自患病以来，睡眠差、精神可、食欲可，二便正常，体重无明显变化。二、入院诊断：右乳浸润性癌pT1cN0M0I期LuminalBHER2阳性型右乳保乳术后4周期治疗后三、诊断依据：根据病史、查体、影像学、病理可诊断。四、拟诊讨论及鉴别诊断：1.根据患者病史、查体、辅助检查及病理，目前诊断：右乳浸润性癌pT1cN0M0I期LuminalBHER2阳性型2.乳腺癌术后辅助全身治疗的选择应基于复发风险个体化评估与肿瘤分子分型对不同治疗方案的反应性。乳腺癌术后辅助化疗的适应症包括肿瘤>2cm，淋巴结转移，激素受体阴性，HER-2阳性及组织学分级为3级。HER-2基因扩增的乳腺癌，对于浸润性导管癌、小叶癌、混合型和化生性癌，肿瘤大于1cm应行辅助化疗。结合患者具体情况，目前本患者术后辅助治疗模式为化疗+靶向+放疗+内分泌治疗；患者中年女性，乳腺浸润性导管癌，非特殊型，Ⅱ级（3+2+1=6分），浸润癌镜下最大径1.3cm，淋巴结未见转移癌（0/5）pTNM：pT1cN0（sn）免疫组化结果显示：ER(+,90%中阳)，HER2(2+，FISH：HER2基因扩增)，Ki-67(+20%)，P53(-)，PR(+,90%强阳)。为中危复发风险患者，本患者选择TCbH方案。五、诊疗计划：1、二级护理、普食；2、完善常规化验检查；3、请示上级医师查房制定进一步诊疗方案。\",\n            \"format_flag\": \"2\",\n            \"peano_flag\": \"T\",\"en_mapping_flag\": \"F\"\n        }"
				},
				"url": {
					"raw": "http://172.17.1.199:8077/sidecar/recogn/S012",
					"protocol": "http",
					"host": [
						"172",
						"17",
						"1",
						"199"
					],
					"port": "8077",
					"path": [
						"sidecar",
						"recogn",
						"S012"
					]
				}
			},
			"response": []
		},
		{
			"name": "p_mode_8053/ai/data/peano_schema_info",
			"request": {
				"method": "POST",
				"header": [],
				"body": {
					"mode": "raw",
					"raw": "{\n            \"model_id\": \"P031\",\n            \"model_version\": \"1.0.0\"\n        }"
				},
				"url": {
					"raw": "http://172.17.1.199:8077/scApi/p/peano_schema_info",
					"protocol": "http",
					"host": [
						"172",
						"17",
						"1",
						"199"
					],
					"port": "8077",
					"path": [
						"scApi",
						"p",
						"peano_schema_info"
					]
				}
			},
			"response": []
		},
		{
			"name": "p_mode_8053/ai/data/peano_data_gov/P031",
			"request": {
				"method": "POST",
				"header": [],
				"body": {
					"mode": "raw",
					"raw": "{\n            \"content\": \"胸腔镜左肺上叶尖后段切除、左肺上叶楔形切除、下叶楔形切除、系统性淋巴结清扫术\"\n        }"
				},
				"url": {
					"raw": "http://172.17.1.199:8077/scApi/p/peano_data_gov/P031",
					"protocol": "http",
					"host": [
						"172",
						"17",
						"1",
						"199"
					],
					"port": "8077",
					"path": [
						"scApi",
						"p",
						"peano_data_gov",
						"P031"
					]
				}
			},
			"response": []
		},
		{
			"name": "s_model_8054/ai/data/model_list",
			"request": {
				"method": "POST",
				"header": [],
				"body": {
					"mode": "raw",
					"raw": "{\n            \"type\": \"S\"\n        }"
				},
				"url": {
					"raw": "http://172.17.6.3:8054/ai/data/model_list",
					"protocol": "http",
					"host": [
						"172",
						"17",
						"6",
						"3"
					],
					"port": "8054",
					"path": [
						"ai",
						"data",
						"model_list"
					]
				}
			},
			"response": []
		},
		{
			"name": "s_mode_8054/shelldoctor_data_gov/S012",
			"request": {
				"method": "POST",
				"header": [],
				"body": {
					"mode": "raw",
					"raw": "{\n            \"content\": \"入院后完善相关检查，未见明显手术禁忌，于2021-11-06在全麻下行左颈静脉孔区肿物切除术，手术顺利，术后恢复良好。术后病理（1061368)：神经源性梭形细胞肿瘤，结合形态和病史，考虑为神经鞘瘤复发，细胞生长活跃，可见局部退变坏死，伴出血。免疫组化结果显示：S-100(3+)，Vimentin(3+)，Ki-67(3%，个性细胞70%)，GFAP(-)。\",\n            \"format_flag\": \"2\"\n        }"
				},
				"url": {
					"raw": "http://172.17.1.199:8077/scApi/s/shelldoctor_data_gov/S012",
					"protocol": "http",
					"host": [
						"172",
						"17",
						"1",
						"199"
					],
					"port": "8077",
					"path": [
						"scApi",
						"s",
						"shelldoctor_data_gov",
						"S012"
					]
				}
			},
			"response": []
		},
		{
			"name": "s_mode_8054/shelldoctor_schema_info",
			"request": {
				"method": "POST",
				"header": [],
				"body": {
					"mode": "raw",
					"raw": "{\n            \"model_id\": \"S013\",\n            \"model_version\": \"1.0.0.0\",\n            \"peano_flag\": \"T\",\"en_mapping_flag\": \"F\"\n}"
				},
				"url": {
					"raw": "http://172.17.1.199:8077/scApi/s/shelldoctor_schema_info",
					"protocol": "http",
					"host": [
						"172",
						"17",
						"1",
						"199"
					],
					"port": "8077",
					"path": [
						"scApi",
						"s",
						"shelldoctor_schema_info"
					]
				}
			},
			"response": []
		},
		{
			"name": "reg_model_8052/regex_data_gov/R044",
			"request": {
				"method": "POST",
				"header": [],
				"body": {
					"mode": "raw",
					"raw": "{\n            \"content\": \"胸腔镜左肺上叶尖后段切除、左肺上叶楔形切除、下叶楔形切除、系统性淋巴结清扫术\"\n        }"
				},
				"url": {
					"raw": "http://172.17.6.3:8052/ai/data/regex_data_gov/R044",
					"protocol": "http",
					"host": [
						"172",
						"17",
						"6",
						"3"
					],
					"port": "8052",
					"path": [
						"ai",
						"data",
						"regex_data_gov",
						"R044"
					]
				}
			},
			"response": []
		},
		{
			"name": "reg_model_8052/model_list_regex",
			"request": {
				"method": "POST",
				"header": [],
				"body": {
					"mode": "raw",
					"raw": "{\n            \"type\": \"S\"\n        }"
				},
				"url": {
					"raw": "http://172.17.1.199:8077/scApi/reg/model_list_regex",
					"protocol": "http",
					"host": [
						"172",
						"17",
						"1",
						"199"
					],
					"port": "8077",
					"path": [
						"scApi",
						"reg",
						"model_list_regex"
					]
				}
			},
			"response": []
		}
	]
}