<?xml version="1.0" encoding="UTF-8"?>
<configuration scan="true" scanPeriod="60 seconds" debug="false">

    <appender name="STDOUT" class="ch.qos.logback.core.ConsoleAppender">
        <!-- encoder 默认配置为PatternLayoutEncoder -->
        <encoder>
            <pattern>%d{yyyy-MM-dd HH:mm:ss.SSS} [%-4level] %logger{50} [%L] - %msg%n</pattern>
        </encoder>
    </appender>

    <logger name="com.yiyongcloud" level="DEBUG"/>
    <logger name="org" level="INFO"/>
    <logger name="com.alibaba.nacos.client.naming" level="ERROR"/>

    <root level="INFO">
        <appender-ref ref="STDOUT"/>
    </root>

</configuration>